Drug,WB,C6NR,C605,C6aI
MTZ,5.3266,5.34817,28.63101,15.54086
